id;name;family;phone_number;code;province;city;address;absorb_date
1;کارفرما جذب متن;جنوبی;ظرفیت مغناطیسی لاجوردی;ادغام;ستارخان کیبورد;گلالهدهکده;دوباره پرداخت;2021-07-15T16:49:01
2;افزایی پیشرفته;Borders;آداپتور SQL لاجوردی;معکوس;چالش;جنوب سوری;پلاستیکی;2021-07-16T00:02:02
3;bypass;تفاوت شهودی;کردن زیتونی;matrix مجارستان تدابیر;رویکرد کیبورد Borders;غرب گل آذینبندر;یزد کهگیلویه بایگانی;2021-07-16T13:33:07
4;Cambridgeshire بایگانی;سفید دستکش تبدیل;سلامتی;فیروزه منطقه و;ایلام generating;شمال نازیدخت;نیلی پژوهش ژرف;2021-07-15T17:40:26
5;navigating 1080p اندرزگو;قابلیت XSS زمینه;کارون transmit;لاجوردی لطیف العاده;فعال Berkshire گلستان;لاهوتیدهکده;SAS شایسته;2021-07-15T17:19:02
6;آبی;جهت جذاب;گذار رویکرد;پیتزا نرم;نگرش رایانه;جدید ویشتاسب;پلاستیکی Berkshire;2021-07-16T13:07:47
7;قابلیت ارگونومیک از;سازی اختراع کرمانشاه;کرون;جهانی پیتزا خط;کلون;بندرعباس;همکاری تجمیع منطقه;2021-07-16T16:34:09
8;رامین Bedfordshire;حسابدار جذاب;عضو اردن;سازی ماکائو;پویا calculate;چالاکشهر;استیل ملی دادن;2021-07-16T03:19:08
9;بدون SCSI parse;Account هدف معماری;کفش بدون;تعریف CSS;سلامتی ها سوله;جدید کامبخش;رمزگذاری program;2021-07-16T07:55:58
10;توپ;دوباره امن;کوچک رویکرد;ای تازه کفش;ماکائو;ارمغاندژ;کرون خوش پرداخت;2021-07-16T00:44:28
